query,total_in_listing,id,name,price,disc_price,rating,reviews,seller,seller_reviews,avail,url
ортопедична подушка,6323,3160069367,"Ортопедична клинуватий подушка-трансформер для сну та відпочинку з регулюванням кута нахилу, сіра Топ продаж",992,,,0,Kozak Hookah - Магазин техніки та аксесуарів,12795,True,https://prom.ua/ua/p3160069367-ortopedicheskaya-klinovidnaya-podushka.html
ортопедична подушка,6323,3160070558,"Ортопедична клинуватий подушка-трансформер для сну та відпочинку з регулюванням кута нахилу, сіра EL0227",1000,,,0,ELEXION,12233,True,https://prom.ua/ua/p3160070558-ortopedicheskaya-klinovidnaya-podushka.html
ортопедична подушка,6323,2872691275,"Подушка ортопедична ""Метелик"" Подушка для сну з ефектом пам'яті (pillow-04) SN27",591,,4.6,95,Sense,27459,True,https://prom.ua/ua/p2872691275-podushka-ortopedicheskaya-babochka.html
ортопедична подушка,6323,2767018458,"Подушка ортопедична «Метелик» з ефектом пам яті для шиї та зручним розташуванням рук, з наволочкою на блискавці",1075,698,4.6,35,Lark,4899,True,https://prom.ua/ua/p2767018458-podushka-ortopedicheskaya-babochka.html
ортопедична подушка,6323,2769191742,Ортопедична подушка для сну 63х37х13см Подушка Метелик з ефектом пам'яті Подушка анатомічна під голову,1212,942,5,8,Modvia,108,True,https://prom.ua/ua/p2769191742-ortopedicheskaya-podushka-dlya.html
ортопедична подушка,6323,2771666599,"Подушка ортопедична ""Метелик"" Подушка для сну з ефектом пам'яті (pillow-04) OM227",567,,4.4,21,"Інтернет-магазин товарів для дому ""ОптМісто""",7293,True,https://prom.ua/ua/p2771666599-podushka-ortopedicheskaya-babochka.html
ортопедична подушка,6323,3203265659,Подушка ортопедична анатомічна з ефектом пам'яті Memory pillow Подушка з пам'яттю форми для сну Анатомічна подушка для сну,970,485,,0,Dlya Tebe Store,47,True,https://prom.ua/ua/p3203265659-podushka-ortopedicheskaya-anatomicheskaya.html
ортопедична подушка,6323,2872965563,"Ортопедична анатомічна подушка для шиї та голови з ефектом пам'яті для здорового та повноцінного сну на боці, спині або животі",1770,885,5,4,LUMISHOP,507,True,https://prom.ua/ua/p2872965563-ortopedicheskaya-anatomicheskaya-podushka.html
ортопедична подушка,6323,3204606382,Ортопедична анатомічна подушка-метелик 60×40×10 см з Memory Foam для комфортного сну,813,650.40,5,1,Інтернет-магазин focus-shop,5327,True,https://prom.ua/ua/p3204606382-ortopedicheskaya-anatomicheskaya-podushka.html
ортопедична подушка,6323,2874429553,"Подушка ортопедична ""Метелик"" Подушка для сну з ефектом пам'яті (pillow-04) LF227",579,,5,3,LiviFine,3593,True,https://prom.ua/ua/p2874429553-podushka-ortopedicheskaya-babochka.html
ортопедична подушка,6323,3150870064,"Ортопедична подушка з ефектом пам'яті Memory Foam, подушка-метелик для сну, анатомічна подушка для підтримки шиї та голови",1250,950,,0,PolonDom,3453,True,https://prom.ua/ua/p3150870064-ortopedicheskaya-podushka-effektom.html
ортопедична подушка,6323,2807656024,Ортопедична подушка для сну з ефектом пам'яті Memory Foam Бамбук 50*30 см М'яка ортопедична подушка,1099,847,5,9,"""Royall-Rest"": Інтернет-магазин товарів для дому та відпочинку",406,True,https://prom.ua/ua/p2807656024-ortopedicheskaya-podushka-dlya.html
ортопедична подушка,6323,2026603924,Ортопедична подушка кісточка. Подушка для сну. Розмір 40х20,250,,5,1,Интернет-магазин Паула,403,True,https://prom.ua/ua/p2026603924-ortopedicheskaya-podushka-kostochka.html
ортопедична подушка,6323,3173958729,Ортопедична анатомічна подушка для сну 65x40 см з ефектом пам яті Memory Foam для шиї та плечей біла,521.43,365,1.7,3,"SUPERSHOP супер ціни, супер вибір, супер покупки!",16940,True,https://prom.ua/ua/p3173958729-ortopedicheskaya-anatomicheskaya-podushka.html
ортопедична подушка,6323,2465217048,Ортопедична подушка для сну з ефектом пам'яті Memory Foam Бамбук 60x35x11/8 см М'яка ортопедична подушка,1930,1340,5,2,"""Royall-Rest"": Інтернет-магазин товарів для дому та відпочинку",406,True,https://prom.ua/ua/p2465217048-ortopedicheskaya-podushka-dlya.html
ортопедична подушка,6323,2202510728,Подушка ортопедична для сну 48х70 см анатомічна подушка для шиї з релакс ефектом великий розмір,1465,965,4.8,13,Calva textile,1195,True,https://prom.ua/ua/p2202510728-podushka-ortopedicheskaya-dlya.html
ортопедична подушка,6323,2904806686,Ортопедична подушка під спину і поперек для авто та офісного крісла спинка-подушка з ефектом пам'яті,1390,695,5,1,AKT,783,True,https://prom.ua/ua/p2904806686-ortopedicheskaya-podushka-pod.html
ортопедична подушка,6323,2176288184,Ортопедична подушка для сну з ефектом пам'яті Memory Foam Бамбук 50*30 см Подушка під голову з ефектом пам'яті,1099,879,4.9,14,"""Royall-Rest"": Інтернет-магазин товарів для дому та відпочинку",406,True,https://prom.ua/ua/p2176288184-ortopedicheskaya-podushka-dlya.html
ортопедична подушка,6323,3135926492,Ортопедична подушка від болю в шиї 50х70 велика подушка з ефектом пам'яті для голови та підтримки хребта комфортна,1798,899,5,12,"""Мені це потрібно""",87,True,https://prom.ua/ua/p3135926492-ortopedicheskaya-podushka-boli.html
ортопедична подушка,6323,2533732229,"ОРТОПЕДИЧНА ПОДУШКА ДЛЯ ВОДІЯ від геморою, болі в попереку та куприка",999,,5,4,⭐⭐⭐⭐⭐ 1024 - Быстрая отправка в день заказа,2496,True,https://prom.ua/ua/p2533732229-ortopedicheskaya-podushka-dlya.html
ортопедична подушка,6323,2764019470,"М'яка ортопедична подушка з пам'яттю, для дітей і дорослих, правильна анатомічна подушка для сну збоку, на животі та спині",1750,875,5,3,МегаСтор,1698,True,https://prom.ua/ua/p2764019470-myagkaya-ortopedicheskaya-podushka.html
ортопедична подушка,6323,2641200061,"Подушка для сну з пам'яттю форми 74×48×12 см, Ортопедична подушка для сну з ефектом пам'яті",1059,623,,0,Захист і стиль — в одному магазині,3247,True,https://prom.ua/ua/p2641200061-podushka-dlya-sna.html
ортопедична подушка,6323,2869908313,"Ортопедична подушка для сну 65х35 см. Анотомічна подушка під голову та шию, середня жорсткість",420,336,4.1,20,Інтернет-магазин focus-shop,5327,True,https://prom.ua/ua/p2869908313-ortopedicheskaya-podushka-dlya.html
ортопедична подушка,6323,2872974466,"Ортопедична подушка з пам'яттю, правильна анатомічна подушка для сну на боці, спині та животі, для дітей і дорослих",1790,895,5,1,LUMISHOP,507,True,https://prom.ua/ua/p2872974466-ortopedicheskaya-podushka-pamyatyu.html
ортопедична подушка,6323,3136204613,Ортопедична клиноподібна подушка для сну та відпочинку в ліжку сіра для підтримки спини і шиї стор1,1517.70,1062.40,,0,Dream Store,1994,True,https://prom.ua/ua/p3136204613-ortopedicheskaya-klinovidnaya-podushka.html
ортопедична подушка,6323,1412857056,Витягувальна ортопедична подушка. У разі ОСТЕО хондрозу.,450,,5,1,magaz103,501,True,https://prom.ua/ua/p1412857056-vytyagivayuschaya-ortopedicheskaya-podushka.html
ортопедична подушка,6323,2029516975,Подушка Ортопедична MEMORY з ефектом памяті 50х70,750,,4.7,28,ГАРМОНІЯ,2956,True,https://prom.ua/ua/p2029516975-podushka-ortopedichna-memory.html
ортопедична подушка,6323,2825505936,"Ортопедична подушка для сидіння Memory Foam Bodasan анатомічна для офісного крісла, авто, під куприк (MF37)",699,,4.6,8,4-sport.com.ua,2649,True,https://prom.ua/ua/p2825505936-ortopedicheskaya-podushka-dlya.html
ортопедична подушка,6323,2800357067,Ортопедична подушка Метелик для глибокого сну,909.72,722,,0,AmmuNation,976,True,https://prom.ua/ua/p2800357067-ortopedicheskaya-podushka-babochka.html
корректор постави,658,2124655999,Коректор постави груднознева корсет для рівної спини дорослий ортопедичний для хребта NY-48,475,380,3.7,3,Siriys,865,True,https://prom.ua/ua/p2124655999-korrektor-osanki-grudopoyasnichnyj.html
корректор постави,658,2825127818,Стабілізатор спини для підтримки постави Royal,237,191.97,5,1,MyTorg-ukr,7189,True,https://prom.ua/ua/p2825127818-stabilizator-spini-dlya.html
корректор постави,658,2735858781,Електронний коректор постави / Магнітний корсет ортопедичний / Корсет для вирівнювання спини та профілактики сколіозу,450,,,0,ElectroMax,78,True,https://prom.ua/ua/p2735858781-elektronnij-korektor-postavi.html
корректор постави,658,3142851759,"Корректор постави спина павук Smart Senssor Corrector, Коректор-підтримка для спини на офісне крісло GN-31",484,279,,0,bazarshik,118,True,https://prom.ua/ua/p3142851759-vypryamitel-osanki-smart.html
корректор постави,658,3180711330,Корректор постави ортопедичний SP-Sport FI-7464 для сидіння ABS-пластик 42.5х28х34 см,810.66,,,0,Monark,673,True,https://prom.ua/ua/p3180711330-korrektor-ortopedicheskij-sport.html
корректор постави,658,3180711331,Корректор постави ортопедичний SP-Sport FI-7478 для сидіння ABS-пластик 35х30х30 см,482.82,,,0,Monark,673,True,https://prom.ua/ua/p3180711331-korrektor-ortopedicheskij-sport.html
корректор постави,658,3182535411,Корректор постави ортопедичний SP-Sport FI-7464 для сидіння розмір 42.5х28х34 см,743.32,,,0,Misfit,897,True,https://prom.ua/ua/p3182535411-korrektor-ortopedicheskij-sport.html
корректор постави,658,3182535412,Корректор постави ортопедичний SP-Sport FI-7478 для сидіння ABS-пластик 35х30х30 см,442.71,,,0,Misfit,897,True,https://prom.ua/ua/p3182535412-korrektor-ortopedicheskij-sport.html
корректор постави,658,2471180105,Корректор регулируемый осанки STRAIGHT эластичный корсет для исправления кривизны позвоночника спинной qwr,99,,,0,ShopLite,242,True,https://prom.ua/ua/p2471180105-korrektor-reguliruemyj-osanki.html
корректор постави,658,3000113528,Розумний коректор постави Nuoyi Miao Smart Sensor,69,,,0,TAMA,1152,True,https://prom.ua/ua/p3000113528-umnyj-korrektor-osanki.html
корректор постави,658,3128625146,Еластичний корсет для лікування сколіозу хребта підтримки спини виправлення постави КОРРЕКТОР СПИНИ,774,387,,0,Інтернет магазин «Tehnos» 🛒 Найкращі ціни! 💯  Швидка відправка! 🚀,192,True,https://prom.ua/ua/p3128625146-elastichnyj-korset-dlya.html
корректор постави,658,2993010426,Корректор постави для спини Nuoyi Miao розумний корректор з регульованими лямками,325,260,,0,Побутовий Хаб,580,True,https://prom.ua/ua/p2993010426-korrektor-osanki-dlya.html
корректор постави,658,3147564283,Регульований коректор реклінатор для правильної постави жіночий чорний Корректори постави для рівної спини,684,342,,0,🔱 «Iron Shop» Компетентність! Якість товару! Швидка відправка! ✅,422,True,https://prom.ua/ua/p3147564283-reguliruemyj-korrektor-reklinator.html
корректор постави,658,3184716908,Коректор постави ортопедичний універсальний для спини шиї хребта плечового відділу регульований BUYT,506,389,,0,BUYT,568,True,https://prom.ua/ua/p3184716908-korrektor-osanki-ortopedicheskij.html
корректор постави,658,3136232083,"Корсет для постави для чоловіків Smart, Корректор постави напівжорсткий Корсет випрямлення HX-56",213,202.35,,0,SHOPAY.UNO – Твій магазин розумних покупок,67,True,https://prom.ua/ua/p3136232083-korrektiruyuschij-korrektor-dlya.html
корректор постави,658,1903743535,Корсет для корекції постави ОТ-1В COMFORT для дорослих (Корректор постави),2300,2070,,0,Mediq  - медтехніка товари для здоров'я,914,True,https://prom.ua/ua/p1903743535-korset-dlya-korrektsii.html
корректор постави,658,1904363882,Корсет для корекції постави дитячий ОТ-1В COMFORT(Корректор постави),1500,1350,,0,Mediq  - медтехніка товари для здоров'я,914,True,https://prom.ua/ua/p1904363882-korset-dlya-korrektsii.html
корректор постави,658,2897475642,"Корректор постави напівжорсткий Smart, Корсет для підтримки постави, Корсет ортопедичний чоловічий RC-87",234,,,0,❤️КОХАННЯ❤️ - все для кохання та товари для дому,126,True,https://prom.ua/ua/p2897475642-korset-dlya-podderzhaniya.html
корректор постави,658,1689482894,Коректор постави Posture,337,272.97,,0,MyTorg-ukr,7189,False,https://prom.ua/ua/p1689482894-korektor-postavi-posture.html
корректор постави,658,2602054389,Коректор постачання BLACKROX,1550,1100.50,,0,Electroboom,3332,False,https://prom.ua/ua/p2602054389-korektor-postavi-blackrox.html
корректор постави,658,1909809971,"Коректор постави Aptoco від сколіозу і сутулості, коррекция осанки,корректор осанки",499,,,0,LanaVik,533,True,https://prom.ua/ua/p1909809971-korektor-postavi-aptoco.html
корректор постави,658,1428151500,"Корсет для осанки Smart Sensor Corrector Сірий ортопедичний коректор постави, корсет ортопедичний",373.75,299,5,1,💙💛 24/7 buy цілодобовий магазин з топовими товарами 👌% 🚚 ⤵,2608,True,https://prom.ua/ua/p1428151500-korset-dlya-osanki.html
корректор постави,658,1585553470,"Коректор постави ""Chest Belt"" Білий, ортопедичний корсет для спини - ремінь для постави Чест Белт",248.75,199,5,1,💙💛 24/7 buy цілодобовий магазин з топовими товарами 👌% 🚚 ⤵,2608,True,https://prom.ua/ua/p1585553470-korektor-postavi-chest.html
корректор постави,658,3094963015,Коректор постави середньої фіксації REMED R2202 розмір L,1300,,,0,SumMed,663,True,https://prom.ua/ua/p3094963015-korektor-postavi-serednoyi.html
корректор постави,658,2561293276,Коректор постави - Aurafix AO-53,2500,,,0,MedicalCare - Краса та догляд за Вашим здоров'ям,1182,True,https://prom.ua/ua/p2561293276-korektor-postavi-aurafix.html
корректор постави,658,2333340245,Ортез на грудний відділ хребта з ребрами жорсткості і широкою спинкою (коректор постави).,1200,,,0,Медтехніка Ортопед,15,True,https://prom.ua/ua/p2333340245-ortez-grudnij-viddil.html
корректор постави,658,1939363643,Коректор постави еластичний Straight,300,,,0,Якість-Гарант,1192,True,https://prom.ua/ua/p1939363643-korektor-postavi-elastichnij.html
корректор постави,658,2025289724,"Коректор постави Hunchback correction suit HXY-16, ( L )",280,,5,1,Якість-Гарант,1192,True,https://prom.ua/ua/p2025289724-korektor-postavi-hunchback.html
корректор постави,658,3119885403,Коректор постави Doctor Life Posturfix BA-310 Optimal,1190,,,0,Omedica Health & Beauty,1566,True,https://prom.ua/ua/p3119885403-korektor-postavi-doctor.html
лампа від комарів,3214,1793899505,Лампа від комарів протимоскітна 9 Вт,227.50,204.75,5,1,v-sezone,2549,True,https://prom.ua/ua/p1793899505-lampa-komarov-protivomoskitnaya.html
лампа від комарів,3214,2679007904,Садова лампа від комарів CONOPU 18 Вт,1035,,,0,GAZIK,373,True,https://prom.ua/ua/p2679007904-sadova-lampa-vid.html
лампа від комарів,3214,3091451745,Акумуляторна ультрафіолетова лампа від комарів портативна електрична антимоскітна пастка для комах 5 Вт безшумний знищувач комах,400,200,4.3,20,S-Market,807,True,https://prom.ua/ua/p3091451745-akkumulyatornaya-ultrafioletovaya-lampa.html
лампа від комарів,3214,1418109364,Лампа інсектицидний знищувач комах ультрафіолетова,349,199,1,2,Wellamart,5054,True,https://prom.ua/ua/p1418109364-lampa-insektitsidnyj-unichtozhitel.html
лампа від комарів,3214,3077192387,"Лампа електрична для знищення комах у квартирі, ультравіолетова лампа від комарів з ручкою, знищувач комарів на батареї",588,488,5,5,BuyZone,285,True,https://prom.ua/ua/p3077192387-lampa-elektricheskaya-dlya.html
лампа від комарів,3214,2626555265,"Антимоскітна лампа від комарів LTX-01, від мережі 220В (Електрична пастка для комарів)",165,118.80,4.8,6,Інтернет-магазин Bigs,3352,True,https://prom.ua/ua/p2626555265-antimoskitnaya-lampa-komarov.html
лампа від комарів,3214,3100888183,"Лампа-світильник від комарів LY-851 з акумулятором 4000 mAh, UV-світло, USB, 5 Вт",390,312,,0,Агро Драйв,251,True,https://prom.ua/ua/p3100888183-lampa-svetilnik-komarov.html
лампа від комарів,3214,3126574208,Антимоскітна лампа акумуляторна від комах комарів для риболовлі BUN-3111,1036,518,,0,Buntar,20,True,https://prom.ua/ua/p3126574208-anti-moskitnaya-lampa.html
лампа від комарів,3214,2644029571,Портативна лампа від комарів Mosquito Killing Lamp 4053 працює від USB 2 Вт Чорний,225,,4.4,25,"Інтернет-магазин  ""Mak7""",3430,True,https://prom.ua/ua/p2644029571-portativnaya-lampa-komarov.html
лампа від комарів,3214,3043548285,"Електрична антимоскітна лампа UV від комарів USB знищувач комах для дому, саду та тераси",300,150,4,1,luck.store,291,True,https://prom.ua/ua/p3043548285-elektricheskaya-antimoskitnaya-lampa.html
лампа від комарів,3214,2626169304,"Антимоскітна пастка для комарів DW-777, 220V (Лампочка від комарів, знищувач комах)",165,118.80,5,1,Інтернет-магазин Megusta,5918,True,https://prom.ua/ua/p2626169304-antimoskitnaya-lovushka-dlya.html
лампа від комарів,3214,3050774948,Лампа пастка від комарів мошок і комах з ультрафіолетовою підсвіткою USB-знищувач літальних від мережі,580,290,,0,SuperShop,912,True,https://prom.ua/ua/p3050774948-lampa-lovushka-komarov.html
лампа від комарів,3214,2348864305,"Антимоскітна лампа від комарів YG-002 (1200mAH) GREEN, Li-Ion акумулятор, ЗУ Type-C",196,,,0,Інтернет магазин Маячок,4493,True,https://prom.ua/ua/p2348864305-antimoskitna-lampa-vid.html
лампа від комарів,3214,2289767127,Електрична лампа пастка від комарів Electric Shock Mosquito Lamp SV227,372,,4.7,15,SevenHome,22811,True,https://prom.ua/ua/p2289767127-elektricheskaya-lampa-lovushka.html
лампа від комарів,3214,3140602591,"Лампа від комарів Electric Shock C12 з УФ-підсвічуванням та електросіткою, USB пастка для мух і мошок, нічник 5 Вт",215,150.50,3,2,"SUPERSHOP супер ціни, супер вибір, супер покупки!",16940,True,https://prom.ua/ua/p3140602591-lampa-komarov-electric.html
лампа від комарів,3214,1634548619,Лампа від комарів світлодіодна Lemanso 6W. Антимоскатна лампа від комарів,145,,,0,DaSoN,3112,True,https://prom.ua/ua/p1634548619-lampa-komarov-svetodiodnaya.html
лампа від комарів,3214,1414724826,Лампа ультрафіолетова для знищувача комах(електро мухобійка) на 100 м2,143,,5,4,"""РСТ""",1126,True,https://prom.ua/ua/p1414724826-lampa-ultrafioletovaya-dlya.html
лампа від комарів,3214,2457912977,Світлодіодна лампа від комарів,215,,,0,Покупон,313,False,https://prom.ua/ua/p2457912977-svetodiodnaya-lampa-komarov.html
лампа від комарів,3214,2259632928,"Знищувач комах, ультрафіолетова лампа від мух та комарів Esperanza (12 Вт, до 50м²)",1160,,4.6,14,Euroteh,715,True,https://prom.ua/ua/p2259632928-unichtozhitel-nasekomyh-ultrafioletovaya.html
лампа від комарів,3214,3043430996,"Антимоскітна лампа USB від комарів та комах | Електрична пастка 360° для дому, дачі та кемпінгу",280,140,,0,ТехноUA,55,True,https://prom.ua/ua/p3043430996-antimoskitnaya-lampa-usb.html
лампа від комарів,3214,3099348986,"Лампа від комарів, молі, мух, ос Repest 21206",1280,,5,1,DIVISION,116,True,https://prom.ua/ua/p3099348986-lampa-vid-komariv.html
лампа від комарів,3214,3091005678,Лампа від комарів та інших комах акумуляторна від USB знищувач комах,160,,5,1,vsehoztovari,895,True,https://prom.ua/ua/p3091005678-lampa-komarov-drugih.html
лампа від комарів,3214,2246493561,Антимоскітна лампа від комарів для знищення комах USB від комах фумігатор,240,144,,0,⭐️⭐️⭐️buy online shop,1813,True,https://prom.ua/ua/p2246493561-antimoskitnaya-lampa-komarov.html
лампа від комарів,3214,3153017996,НОВИНКА! Лампа від комарів електрична 30 Вт мухоловка знищувач комах,1208,,,0,A M B E R,4,True,https://prom.ua/ua/p3153017996-novinka-lampa-vid.html
лампа від комарів,3214,2311933802,Антикомаріяна світлодіодна лампа вбивця для знищення комарів електричний шок пристрій від мух у дім RZV,658,329,5,1,🔱 «Techno Imperia» Компетентність! Якість товару! Швидка відправка! ✅,172,True,https://prom.ua/ua/p2311933802-antikomarinaya-svetodiodnaya-lampa.html
лампа від комарів,3214,3117802497,Портативна акумуляторна лампа від комарів з ультрафіолетовим світлом,495,440,,0,SHOPSALE,502,True,https://prom.ua/ua/p3117802497-portativnaya-akkumulyatornaya-lampa.html
лампа від комарів,3214,55467949,Лампа відлякувача комах від акумулятора Electric Shock Moscquito Lamp з електричним струмом,245,,5,1,"Інтернет магазин ""Потрібні покупки""",9953,True,https://prom.ua/ua/p55467949-lampa-otpugivatel-nasekomyh.html
лампа від комарів,3214,2623354951,"Електро лампа від мух, мошок, комарів Vayox IK-40W 180 кв. м 40 Вт 4500 В (Niz16840)",2185,2100,,0,Neohome | Товари для дому та дачі,1303,True,https://prom.ua/ua/p2623354951-elektro-lampa-muh.html
лампа від комарів,3214,3066812102,"Знищувач комарів потужний електричний 30W UV LED лампа пастка для мух, мошок та москітів 220В чорна підвішувана",999,,5,2,Рокаток,2961,True,https://prom.ua/ua/p3066812102-unichtozhitel-komarov-moschnyj.html
тримач для телефона в авто,6631,2655602710,"Тримач магнітний для телефону на липучці на панель в машину, універсальний з силіконовою накладкою",230,,4.6,7,Toy Joy,1028,True,https://prom.ua/ua/p2655602710-derzhatel-magnitnyj-dlya.html
тримач для телефона в авто,6631,1386392765,Тримач для телефону в авто на прищіпці / Підставка для телефону в машину / Тримач телефону в авто на торпеду /Автомобільний тримач,250,184,3.7,23,Shopka.com.ua,6523,True,https://prom.ua/ua/p1386392765-derzhatel-dlya-telefona.html
тримач для телефона в авто,6631,1554564587,Магнітний тримач для телефона в авто телескопічний Borofone Оригінал,500,350,5,4,Glebo Shop,1586,True,https://prom.ua/ua/p1554564587-magnitnyj-derzhatel-dlya.html
тримач для телефона в авто,6631,2205629126,ТРИМАЧ ДЛЯ ТЕЛЕФОНУ В АВТО НА ПРИЩІПЦІ,350,175,4.1,18,ORANGE STORE,226,True,https://prom.ua/ua/p2205629126-derzhatel-dlya-telefona.html
тримач для телефона в авто,6631,2823679912,Вакуумний магнітний тримач для телефону в авто універсальне кріплення з потужною присоскою,500,299,5,6,Kapi інтернет-магазин,411,True,https://prom.ua/ua/p2823679912-vakuumnyj-magnitnyj-derzhatel.html
тримач для телефона в авто,6631,2827045346,"Тримач для телефону в авто на панель/скло 360° обертання, анти-тряска, для смартфонів",299,,4,5,accs.cars,177,True,https://prom.ua/ua/p2827045346-derzhatel-dlya-telefona.html
тримач для телефона в авто,6631,2575220838,Тримач для планшета в салоні авто на панель або скло кріплення підставка для планшетів в машину Hoco,620,434,5,10,Shop Ist,1731,True,https://prom.ua/ua/p2575220838-derzhatel-dlya-plansheta.html
тримач для телефона в авто,6631,1672971459,"Магнітний тримач для телефону в авто автотримач гнучкий, автомобільне магнітне кріплення для телефону",490,343,5,2,"""TREND-ENERGY"" Інтернет-магазин аксесуарів до смартфонів та комп'ютерів",3605,True,https://prom.ua/ua/p1672971459-magnitnyj-derzhatel-dlya.html
тримач для телефона в авто,6631,1567489035,"Тримач HOLDER car Dashboard, Автотримач для телефону, Кронштейн для телефону в авто",294,159,,0,🌟 𝐏𝐑𝐈𝐌𝐈𝐍𝐆 🌟 – Ексклюзивні товари преміум-якості від офіційного дистриб'ютора!,5305,True,https://prom.ua/ua/p1567489035-derzhatel-holder-car.html
тримач для телефона в авто,6631,2458858413,Автомобільний тримач телефона у дефлектор. Тримач телефону в автомобіль,130,,4.7,50,Drag-auto,1595,True,https://prom.ua/ua/p2458858413-avtomobilnyj-derzhatel-telefona.html
тримач для телефона в авто,6631,2111267810,"Автотримач для телефону Hoco CA79 чорний магніт, Магнітний тримач для телефону в автомобіль",87.12,,5,1,SAMEVIN - оптово-роздрібний інтернет-магазин,2742,False,https://prom.ua/ua/p2111267810-avtoderzhatel-dlya-telefona.html
тримач для телефона в авто,6631,856329815,Магнітний тримач для телефона в автомобіль «Hoco H30» 360 градусів (чорний),219,179,5,1,Traffic Store,5090,True,https://prom.ua/ua/p856329815-magnitnyj-derzhatel-dlya.html
тримач для телефона в авто,6631,2639938534,Магнітний тримач для телефону TOPK. Магнітне кріплення для телефона в автомобілі. Для iPhone та андроїд,380,350,5,3,Gadget Land,273,True,https://prom.ua/ua/p2639938534-magnitnyj-derzhatel-dlya.html
тримач для телефона в авто,6631,2667874263,Вакуумний магнітний тримач для телефона в автомобіль,349,296.65,4.1,11,accs.cars,177,True,https://prom.ua/ua/p2667874263-vakuumnyj-magnitnyj-derzhatel.html
тримач для телефона в авто,6631,1558907587,"Тримач для телефону в машину Car Dashboard, Чорний кріплення - автомобільний тримач для телефону на торпеду",206.25,165,,0,💙💛 Інтернет-супермаркет Все буде файно!🚚⤵,470,True,https://prom.ua/ua/p1558907587-derzhatel-dlya-telefona.html
тримач для телефона в авто,6631,2344886172,Тримач для телефону в авто автомобільний автодержатель підставка кріплення для айфона в машину 15w,829,646.62,,0,zybi_zyb_lviv,428,True,https://prom.ua/ua/p2344886172-derzhatel-dlya-telefona.html
тримач для телефона в авто,6631,2315321703,"Тримач телефона в автомобіль HOCO Touareg CA76 на присоску на панель або лобове скло, поворот 360°, для смартфонів 4.5-6.5",214.94,211.99,4.8,37,"Інтернет-магазин ""inKin""",1776,True,https://prom.ua/ua/p2315321703-derzhatel-telefona-avtomobil.html
тримач для телефона в авто,6631,2613883986,Тримач для телефону в авто з бездротовою зарядкою 15W гравітаційний затиск кріплення в повітропровід Baseus,1200,840,5,1,"""TREND-ENERGY"" Інтернет-магазин аксесуарів до смартфонів та комп'ютерів",3605,True,https://prom.ua/ua/p2613883986-derzhatel-dlya-telefona.html
тримач для телефона в авто,6631,3130017306,"Тримач для телефону в авто Q3 з бездротовою зарядкою 15W, автоматичний",630,,,0,ФОП Александрова Ірина Анатоліївна,1889,True,https://prom.ua/ua/p3130017306-derzhatel-dlya-telefona.html
тримач для телефона в авто,6631,2567426004,Тримач для телефона гнучкий в авто на присосці Автотримач універсальний на лобове скло і торпедо затискний поворотний,450,315,5,8,Glebo Shop,1586,True,https://prom.ua/ua/p2567426004-derzhatel-dlya-telefona.html
тримач для телефона в авто,6631,1882988265,"Магнітний тримач для телефона в авто 6*4*3,5 см",124.60,,,0,Hozmagazin,2492,True,https://prom.ua/ua/p1882988265-magnitnyj-derzhatel-dlya.html
тримач для телефона в авто,6631,3099587284,"Автомобільний тримач для телефону Пума золотий горизонтальний тримач для смартфона в авто, ABS пластик і силікон, 14×8 см",299,,,0,Mega Shop,14,True,https://prom.ua/ua/p3099587284-avtomobilnyj-derzhatel-dlya.html
тримач для телефона в авто,6631,3052708399,Преміум автотримач з бездротовою зарядкою Q3 (Blue) тримач для телефону в авто Qi Wireless Charger,899,649,5,2,Enigma,1016,True,https://prom.ua/ua/p3052708399-premium-avtoderzhatel-besprovodnoj.html
тримач для телефона в авто,6631,3046995398,Тримач для телефону в авто на прищіпці,200,180,4,1,Den$hop,1292,True,https://prom.ua/ua/p3046995398-derzhatel-dlya-telefona.html
тримач для телефона в авто,6631,2912277189,Тримач для телефона в автомобіль із двома кріпленнями універсальний складаний чорний із пластику для пристроїв 5 дюймів,581,363,,0,HomeMix Market,480,False,https://prom.ua/ua/p2912277189-derzhatel-dlya-telefona.html
тримач для телефона в авто,6631,2913687962,"Автотримач UGREEN Gravity в дефлектор, гравітаційний тримач для телефону в авто",690,645,,0,MAVo,82,False,https://prom.ua/ua/p2913687962-avtoderzhatel-ugreen-gravity.html
тримач для телефона в авто,6631,2885047177,"Магнітний автотримач з бездротовою зарядкою MagSafe HOCO CA91 на дефлектор, тримач для телефону в авто 15W, підставка зарядка",999,,,0,White Market - супермаркет корисних товарів,263,False,https://prom.ua/ua/p2885047177-magnitnyj-avtoderzhatel-besprovodnoj.html
тримач для телефона в авто,6631,3190189295,Магнітний тримач VICSEED ZJ10 в авто для телефону iPhone 17/16/15/14/13/12 Pro Max Mini,1499,,,0,iHelper.vn,574,True,https://prom.ua/ua/p3190189295-magnitnij-trimach-vicseed.html
тримач для телефона в авто,6631,2910659610,Тримач для телефону універсальний в автомобіль (кріплення на скло + в дефлектор),320,215,5,9,Цитадель,3291,True,https://prom.ua/ua/p2910659610-derzhatel-dlya-telefona.html
килимок для сушіння посуду,3003,3083945124,"Килимок для сушіння посуду XXL з мікрофібри 45×40 см, високопоглинаючий, захист від плям і розводів на склянках, сірий",125,,,0,"""STfE"": краса, комфорт і задоволення!",1166,True,https://prom.ua/ua/p3083945124-kovrik-dlya-sushki.html
килимок для сушіння посуду,3003,2734826938,Килимок для сушіння посуду силіконовий захисний і нековзний Бірюзовий 40x30 см,185,,,0,«Prostomagazin»,6239,False,https://prom.ua/ua/p2734826938-kovrik-dlya-sushki.html
килимок для сушіння посуду,3003,3128356407,Килимок силіконовий для сушіння посуду 30х40см асорті 179 BM А-ПЛЮС,161,,,0,Юзон,2777,True,https://prom.ua/ua/p3128356407-kilimok-silikonovij-dlya.html
килимок для сушіння посуду,3003,2438987947,Килимок вологопоглинальний для сушіння посуду 40 - 60 см GS227,248,,5,1,GloboSelect,7170,True,https://prom.ua/ua/p2438987947-kovrik-vlagovpityvayuschij-dlya.html
килимок для сушіння посуду,3003,2505611155,"Влагоабсорбуючий кухонний килимок для сушіння посуду, 59x40 см чорний",168.57,118,4.9,43,"SUPERSHOP супер ціни, супер вибір, супер покупки!",16940,True,https://prom.ua/ua/p2505611155-vlagovpityvayuschij-kuhonnyj-kovrik.html
килимок для сушіння посуду,3003,2627432723,Килимок для сушіння посуду силіконовий 40х30 см чорний,239,,5,1,Teslyar | Тесляр | Все для дому | Подарунки | Гурт,1678,True,https://prom.ua/ua/p2627432723-kovrik-dlya-sushki.html
килимок для сушіння посуду,3003,2741469369,Килимок силіконовий нековзний для сушіння посуду 30*40 см Gray,180,,5,1,Shoporia,317,True,https://prom.ua/ua/p2741469369-kovrik-silikonovyj-neskolzyaschij.html
килимок для сушіння посуду,3003,2901423044,"Діатомітовий килимок для сушіння посуду,для ванної кімнати 40*60 см антиковзкий вологопоглинаючий",460,368,5,3,DIMAKSI,650,True,https://prom.ua/ua/p2901423044-diatomitovij-kilimok-dlya.html
килимок для сушіння посуду,3003,1405531247,"Складна сушарка-решітка на раковину Килимок для сушіння посуду, фруктів, овочів над раковиною 35*37см Відео",234,,,0,CraftHouse - товари для всієї родини,3487,True,https://prom.ua/ua/p1405531247-skladnaya-sushilka-reshetka.html
килимок для сушіння посуду,3003,2398420954,"Вологовбираючий килимок для сушіння посуду 59×40 см, м'який та швидкий у догляді, захист стільниці",155.78,140.20,5,9,Primetorg.od,9148,True,https://prom.ua/ua/p2398420954-vlagovpityvayuschij-kovrik-dlya.html
килимок для сушіння посуду,3003,2410521692,"Килимок для сушіння посуду, килимок антиковзкий під кавоварку 40*60 см (зелений)",379,329,,0,Traffic Store,5090,True,https://prom.ua/ua/p2410521692-kovrik-dlya-sushki.html
килимок для сушіння посуду,3003,2477995422,Килимок силіконовий для сушіння посуду 25*39CM MAC-5 (дропшиппінг),160,,,0,Покупон,313,True,https://prom.ua/ua/p2477995422-kovrik-silikonovyj-dlya.html
килимок для сушіння посуду,3003,2413253618,"Килимок для сушіння посуду, килимок антиковзкий під кавоварку 40*50 см (коричневий)",379,329,5,2,Traffic Store,5090,True,https://prom.ua/ua/p2413253618-kovrik-dlya-sushki.html
килимок для сушіння посуду,3003,2811648435,Килимок для сушіння посуду Ardesto Vigor 40х30см силікон сірий,252,,5,1,Світ посуду,2197,True,https://prom.ua/ua/p2811648435-kilimok-dlya-sushinnya.html
килимок для сушіння посуду,3003,2941545906,"Силіконовий килимок для сушіння посуду 40×30 см зі зливом у раковину, антиковзка кухонна сушарка для тарілок, чашок, келихів",299,,5,2,ToyTech - Трендові Іграшки та Гаджети 2021,3321,True,https://prom.ua/ua/p2941545906-silikonovyj-kovrik-dlya.html
килимок для сушіння посуду,3003,3054605460,Килимок для сушіння посуду Ardesto Grey leaves 38×51 см (ART17GL),127,,,0,Світ посуду,2197,True,https://prom.ua/ua/p3054605460-kovrik-dlya-sushki.html
килимок для сушіння посуду,3003,2413265519,"Килимок для сушіння посуду, килимок антиковзкий під кавоварку, з квітами 40*50 см",379,329,5,2,Traffic Store,5090,True,https://prom.ua/ua/p2413265519-kovrik-dlya-sushki.html
килимок для сушіння посуду,3003,2324920150,Килимок тканинний для сушіння мокрого посуду 30*40 см.,62,,5,1,"Інтернет-магазин ""KORNEL""",327,True,https://prom.ua/ua/p2324920150-kilimok-tkanevij-dlya.html
килимок для сушіння посуду,3003,3182843981,Килимок для сушіння посуду IKEA RINNIG 51x42 см Бежевий 505.954.42,314,285,,0,Добрий TАТО🥇,26270,True,https://prom.ua/ua/p3182843981-kovrik-dlya-sushki.html
килимок для сушіння посуду,3003,3026367481,Силіконовий дренажний килимок для сушіння посуду та мийки: захисна підставка на кухонний стіл 40х32 см,700,350,5,1,Маркет. старт.уа,20,True,https://prom.ua/ua/p3026367481-silikonovyj-drenazhnyj-kovrik.html
килимок для сушіння посуду,3003,1933486148,Килимок для сушіння посуду Eco Fabric 30*40 см сірий (EF-3851-GR),134,,,0,"Онлайн-маркет ""InBasket""",2390,True,https://prom.ua/ua/p1933486148-kovrik-dlya-sushki.html
килимок для сушіння посуду,3003,2980374961,"Килимок для сушіння посуду силіконовий (сушарка) 30х40 см Сірий, кухонна підставка під посуд нековзна",260,210,,0,Lovable,878,True,https://prom.ua/ua/p2980374961-kovrik-dlya-sushki.html
килимок для сушіння посуду,3003,3053314951,Килимок силіконовий для сушіння посуду 35.5 см х 41 см Юні Пласт блакитний,290,,,0,"інтернет-магазин ""Світ посуду""",1300,True,https://prom.ua/ua/p3053314951-kovrik-silikonovyj-dlya.html
килимок для сушіння посуду,3003,3208271455,Супер поглинаючий килимок нековзний для сушіння посуду суперабсорбуючий 49*39см Сірий brooklyn,335,268,,0,Brooklyn,573,True,https://prom.ua/ua/p3208271455-super-pogloschayuschij-kovrik.html
килимок для сушіння посуду,3003,2903160346,Діатомітовий килимок на кухню для сушіння посуду 30×40 (см) мийний вологопоглинаючий килимок на стільницю для посуду Синій,100,80,,0,OrderPlace - Інтернет-магазин товарів для дому,1103,True,https://prom.ua/ua/p2903160346-diatomitovyj-kovrik-kuhnyu.html
килимок для сушіння посуду,3003,1509420505,Килимок для сушіння посуду 39 х 50 см,85,,5,7,GEDONi,1694,True,https://prom.ua/ua/p1509420505-kovrik-dlya-sushki.html
килимок для сушіння посуду,3003,3188280716,"Силіконовий Килимок для сушіння посуду 40x30 см (сушарка для посуду, килимок для кухні, під посуд) Сірий",349,229,,0,ToyTech - Трендові Іграшки та Гаджети 2021,3321,True,https://prom.ua/ua/p3188280716-silikonovyj-kovrik-dlya.html
килимок для сушіння посуду,3003,1933484066,Килимок для сушіння посуду Eco Fabric 30*40 см синій (EF-3851-DB),134,,,0,"Онлайн-маркет ""InBasket""",2390,True,https://prom.ua/ua/p1933484066-kovrik-dlya-sushki.html
килимок для сушіння посуду,3003,3103439132,Килимок для сушіння посуду Сушарки для посуду Килимок з присосками Килимок на мийку для сушіння посуду,180,172.80,,0,Wanderfulsell,404,True,https://prom.ua/ua/p3103439132-kovrik-dlya-sushki.html
пелюшки для собак,6232,1912196259,Багаторазова пелюшка для собак 60*90 см Пухнастики L,444,,5,8,"""ZooFooD"" Інтернет-магазин",2910,True,https://prom.ua/ua/p1912196259-mnogorazovaya-pelenka-dlya.html
пелюшки для собак,6232,1587637015,"Пелюшки одноразові для собак Pawise 100 шт 33×45 см, 5-шарові для цуценят",629,589,5,3,VOLOK LINE,217,True,https://prom.ua/ua/p1587637015-pelenki-odnorazovye-dlya.html
пелюшки для собак,6232,2999646512,Пелюшки для собак та цуценят 90х60 см з бамбуковим вугіллям Пухнасте Щастя 20 шт. чорні,1052,662.76,,0,ПУХНАСТЕ ЩАСТЯ,58,True,https://prom.ua/ua/p2999646512-pelenki-dlya-sobak.html
пелюшки для собак,6232,3086427218,"Одноразова пелюшка для собак і котів М 60×45 см, вбираюча пелюшка для тварин",15,,,0,D&D Home Pets,84,True,https://prom.ua/ua/p3086427218-odnorazovaya-pelenka-dlya.html
пелюшки для собак,6232,2672168730,Kotix пелюшки для собак з активованим вугіллям 40 х 60 см 50 шт,681,,,0,Зоотайм,2240,True,https://prom.ua/ua/p2672168730-kotix-pelenki-dlya.html
пелюшки для собак,6232,3142972736,"Пелюшки одноразові для собак і котів 40х60 см, 120 шт",962,682,5,1,"Інтернет- магазин "" Товари в Дім""",12941,True,https://prom.ua/ua/p3142972736-pelenki-odnorazovye-dlya.html
пелюшки для собак,6232,2275899264,Пелюшки для собак AnimAll 60 х 90 см з активованим вугіллям 50 шт,1390,1320,5,9,Zootovary_Cat&Dog,1015,True,https://prom.ua/ua/p2275899264-pelenki-dlya-sobak.html
пелюшки для собак,6232,2088450263,"Пелюшки 60х120 см водонепроникні, багаторазові для дорослих",300,200,4,6,Українські наматрацники,2255,True,https://prom.ua/ua/p2088450263-pelenki-60h120-nepromokaemye.html
пелюшки для собак,6232,1420794350,"Пелюшки для собак 60см х 60см 30 шт. ""Хвіст та лапи""",435.71,305,5,27,Vision.in.ua,5616,True,https://prom.ua/ua/p1420794350-pelenki-dlya-sobak.html
пелюшки для собак,6232,2831683498,"Пелюшки 60х90 (30 шт) для собак, котів та інших тварин",429,255,4.9,29,"Інтернет- магазин "" Товари в Дім""",12941,True,https://prom.ua/ua/p2831683498-pelenki-60h90-sht.html
пелюшки для собак,6232,1251793126,Багаторазова пелюшка для собак 60х60 см непромокальна Коричневий,325,,5,5,Partner,1574,True,https://prom.ua/ua/p1251793126-mnogorazovaya-pelenka-dlya.html
пелюшки для собак,6232,3142614420,"Пелюшки захисні для собак і котів 90х60 см, 30 шт Пелюшки для тварин",364,263,5,1,"Интернет -магазин "" Папуля""",19162,True,https://prom.ua/ua/p3142614420-pelenki-zaschitnye-dlya.html
пелюшки для собак,6232,3142953316,"Пелюшки для лотків собак, котів та інших тварин 40х60 см 30 шт",242,151,5,3,"Интернет -магазин "" Папуля""",19162,True,https://prom.ua/ua/p3142953316-pelenki-dlya-lotkov.html
пелюшки для собак,6232,1343319443,Багаторазова пелюшка для собак 60х90 см непромокаюча бежевий,410,,5,1,Partner,1574,True,https://prom.ua/ua/p1343319443-mnogorazovaya-pelenka-dlya.html
пелюшки для собак,6232,2559315999,"Пелюшки AnimAll Puppy Training Pads для собак і цуценят, з активованим вугіллям 60×90 см, 50 штук",1160,,5,9,ЗооСвіт,4242,True,https://prom.ua/ua/p2559315999-pelenki-animall-puppy.html
пелюшки для собак,6232,2800056011,"Пелюшки для собак 90см х 60см 30 шт. ""Хвіст та лапи""",495,396,4.9,9,VikaMed,846,True,https://prom.ua/ua/p2800056011-pelenki-dlya-sobak.html
пелюшки для собак,6232,2482518582,"Пелюшки для лотків собак , котів та інших тварин 60х60 см - 50 штук (абсорбуючі) + 30 гігієнічних пакетів Purlov 21600 Польща",499,449.10,5,19,Swimming.rest - товари для дітей та дорослих,9085,True,https://prom.ua/ua/p2482518582-pelenki-dlya-sobak.html
пелюшки для собак,6232,1811446008,Одноразові пелюшки Giggles 60х60 см. (10 шт.),91,,5,2,igorek,5863,True,https://prom.ua/ua/p1811446008-odnorazovye-pelenki-giggles.html
пелюшки для собак,6232,2941536975,Пелюшки для собак 60*90 см поштучно одноразові гігієнічні пелюшки для цуценят та собак,25,,,0,"Магазин зоотоварів ""ЗооСвіт""",131,True,https://prom.ua/ua/p2941536975-pelenki-dlya-sobak.html
пелюшки для собак,6232,2854771211,"Пелюшки для собак, котів та інших тварин 90х60 см, 30 шт",385,258,4.8,16,"Интернет -магазин "" Папуля""",19162,True,https://prom.ua/ua/p2854771211-pelenki-dlya-sobak.html
пелюшки для собак,6232,2075080691,"Пелюшки для собак 60см х 60см 60 шт. ""Хвіст та лапи"" (2 упаковки по 30 шт.)",748.75,599,5,12,Vision.in.ua,5616,True,https://prom.ua/ua/p2075080691-pelenki-dlya-sobak.html
пелюшки для собак,6232,1686333521,Одноразові пелюшки Giggles 60х90 см. (30 шт.),359,,4.9,79,igorek,5863,True,https://prom.ua/ua/p1686333521-odnorazovye-pelenki-giggles.html
пелюшки для собак,6232,2703877938,Пелюшки медичні одноразові поглинаючі BONUM® BASIC 60×60 см,140,,5,4,ТзОВ «Церос»,40,True,https://prom.ua/ua/p2703877938-pelyushki-medichni-odnorazovi.html
пелюшки для собак,6232,2441937922,Пелюшки для собак та цуценят AnimAll Анімал пеленки з ароматом лаванди 60х60 см 10 шт (4820224500720),217,195.30,,0,Зоомагазин Тоббі,451,True,https://prom.ua/ua/p2441937922-pelenki-dlya-sobak.html
пелюшки для собак,6232,2075080930,"Пелюшки для собак 90см х 60см 90 шт. ""Хвіст та лапи"" (3 упаковки по 30 шт.)",1440,1152,5,4,Vision.in.ua,5616,True,https://prom.ua/ua/p2075080930-pelenki-dlya-sobak.html
пелюшки для собак,6232,1131523965,Багаторазова пелюшка для собак 60х60 см водонепромокаюча,260,205,4.4,9,"PROFI - Унікальне поєднання професіоналізму, високої якості, надійності і захисту.",2539,True,https://prom.ua/ua/p1131523965-mnogorazovaya-pelenka-dlya.html
пелюшки для собак,6232,2003183868,Пелюшки для собак AnimAll 60 х 60 см 100 шт,1790,1640,5,5,Zootovary_Cat&Dog,1015,True,https://prom.ua/ua/p2003183868-pelenki-dlya-sobak.html
пелюшки для собак,6232,1920545477,"Пелюшки для лотків собак, котів та інших тварин 60х60 см 100 шт ( абсорбуючі) + мішки 30 шт",850,,5,2,Limarket,1885,True,https://prom.ua/ua/p1920545477-pelenki-dlya-lotkov.html
пелюшки для собак,6232,2640066081,"Пелюшки для лотків собак , котів та інших тварин 60х40 см - 100 штук Purlov 21599",788,693.44,5,5,BabaGa,964,True,https://prom.ua/ua/p2640066081-pelenki-dlya-lotkov.html
антихрап,1573,2998600528,Засіб проти храпа Затискач проти храпа Кліпса в носі від хропіння Магнітний розширювач для носа ARTK,478,239,,0,Shoping-Shop,20,True,https://prom.ua/ua/p2998600528-sredstvo-hrapa-zazhim.html
антихрап,1573,2403358147,Пластир для носа Supretto Антихрап для полегшення дихання набір 30 шт. (9062),299,249,5,3,Wellamart,5054,True,https://prom.ua/ua/p2403358147-plastyr-dlya-nosa.html
антихрап,1573,3119922129,Сенсорний браслет від хропіння Антихрап,367,286.26,,0,Big-Lavka,9956,True,https://prom.ua/ua/p3119922129-sensornij-braslet-vid.html
антихрап,1573,2476286007,Антихрап носовий розширювач,180,,5,1,meow,322,True,https://prom.ua/ua/p2476286007-antihrap-nosovoj-rasshiritel.html
антихрап,1573,2172829353,Антихропіння набір з 8 вставок в ніс різних розмірів проти хропіння,554,321.32,5,1,"""homeli"" - Інтернет-магазин",838,True,https://prom.ua/ua/p2172829353-antihrap-nabor-vstavok.html
антихрап,1573,1984564896,Антихрап кліпса / Затиск для носа від хропіння для покращення носового дихання / Магнітотерапія,120,82.80,5,2,"""homeli"" - Інтернет-магазин",838,True,https://prom.ua/ua/p1984564896-antihrap-klipsa-zazhim.html
антихрап,1573,3203243569,Капа для сну від бруксизму та хропіння нічна антихрап стоматологічна прозора багаторазова EVA з футляром скреготу зубів емалі,399,299,5,1,Bazario.ua,23,True,https://prom.ua/ua/p3203243569-kapa-dlya-sna.html
антихрап,1573,3180972458,"Смужки для носа антихрап для полегшення дихання South Moon Nasal Strips 6 шт (пластир від хропіння та закладеності носа, бежеві)",89,85,,0,EasyBuy,6,True,https://prom.ua/ua/p3180972458-poloski-dlya-nosa.html
антихрап,1573,2498373433,Магнітні розширювачі для носа від храпа 15 пар антихрап,355,134.90,4.2,22,Kot Інтернет Магазин,966,True,https://prom.ua/ua/p2498373433-magnitnye-rasshiriteli-dlya.html
антихрап,1573,3174963469,Гіпоалергенна дихаюча стрічка антихрап Premium Tape 30 штук,169,,,0,EasyBuy,6,True,https://prom.ua/ua/p3174963469-gipoallergennaya-dyshaschaya-lenta.html
антихрап,1573,3191196207,"Капа для сну від бруксизму, від хропіння, нічна антихроп силіконова каппа, м яка зубна при бруксизмі від стирання зубів (6417)",563,450.40,,0,UNICUMSHOP,2388,True,https://prom.ua/ua/p3191196207-kappa-dlya-sna.html
антихрап,1573,2288838561,"Антихрап кліпса від хропіння в ніс, носовий розширювач від хропіння набір з 8 шт (циліндри + спіралі) у футлярі",249,,4,4,Yatka,1616,True,https://prom.ua/ua/p2288838561-antihrap-klipsa-hrapa.html
антихрап,1573,2101250063,"Антихрап інтелектуальний електронний пристрій проти храпа на шию, 6 рівнів впливу Contec AJ700",674,,,0,Центр Технічної Безпеки,3092,True,https://prom.ua/ua/p2101250063-antihrap-intellektualnoe-elektronnoe.html
антихрап,1573,2311933581,Набір від храпа та нежить пластирі 5 штук одноразові наклейки на ніс Breath Easy носові смужки антихрап RZV,320,160,,0,🔱 «Techno Imperia» Компетентність! Якість товару! Швидка відправка! ✅,172,True,https://prom.ua/ua/p2311933581-nabor-hrapa-nasmorka.html
антихрап,1573,3011662876,Антихрап набір: магнітний розширювач для носа + пластирі (30 шт),190,,5,1,EasyMarket,545,True,https://prom.ua/ua/p3011662876-antihrap-nabor-magnitnyj.html
антихрап,1573,3100882724,"Бандаж-пов'язка на голову Zband Антихрап, неопрен 2 мм, універсальний розмір",235,188,,0,Агро Драйв,251,True,https://prom.ua/ua/p3100882724-bandazh-povyazka-golovu.html
антихрап,1573,2660392213,"Пластир-Тейп для рота проти хропіння від апное Eelhoe Elevate+, пластир антихропіння 30 шт",159,,5,1,FLIP-FLOP,1879,True,https://prom.ua/ua/p2660392213-plastyr-tejp-dlya.html
антихрап,1573,2075606431,Спрей від хропіння для полегшення дихання Stop Hrap Nano засіб антихрап для ротової порожнини нічний комфорт сну,300,150,,0,OPT-CITY Кращі ціни в інтернеті,3798,True,https://prom.ua/ua/p2075606431-sprej-hrapa-dlya.html
антихрап,1573,2883686377,"Пристрій від хропіння, прилад від храпу, протихропний прилад, датчик хропу, антихрап Hechpro (RA57)",713,499.10,,0,UNICUMSHOP,2388,True,https://prom.ua/ua/p2883686377-antihrap-ustrojstvo-hrapa.html
антихрап,1573,2241636237,Набір кліпс проти хропіння лікування від хропіння 8 шт./уп.,265,,3.5,6,KiKi.com.ua,1759,True,https://prom.ua/ua/p2241636237-nabor-klips-antihrap.html
антихрап,1573,3020837165,Антихрап магнітний розширювач для поліпшення дихання носа,258,188.34,,0,TAKU,141,True,https://prom.ua/ua/p3020837165-antihrap-magnitnyj-rasshiritel.html
антихрап,1573,2299586646,"Пов'язка на голову Антихрап Zband, Засіб від хропіння, Бандаж проти хропіння, Ремінець для боротьби з хропінням",252,131,,0,⭐️ 𝐌𝐄𝐆𝐀𝐑𝐎𝐙𝐏𝐑𝐎𝐃𝐀𝐙𝐇 ⭐️ –  Найновіші товари за найдоступнішими цінами,1988,True,https://prom.ua/ua/p2299586646-povyazka-golovu-antihrap.html
антихрап,1573,365910174,АнтиХРАП магнітна акупунктурна кліпса для носа від хропіння,99,49,4.4,7,Lots24.com.ua,19013,True,https://prom.ua/ua/p365910174-antihrap-magnitnaya-akupunkturnaya.html
антихрап,1573,3181699283,Пов'язка на голову від храпа Антихрап Zband від Panda Toys,162.04,149.08,,0,Panda Toys,48,True,https://prom.ua/ua/p3181699283-povyazka-golovu-hrapa.html
антихрап,1573,1569970487,Антихрап anti snoring (W-3) щоб перестати хропіти,210,110,,0,"Інтернет-магазин ""AVEON"" - товари для всієї родини! Найнижчі ціни!",21438,True,https://prom.ua/ua/p1569970487-antihrap-anti-snoring.html
антихрап,1573,750950106,Антихрап. Десноран Спрей от храпа Desnoran. 30ml. средство против храпа. Eвропа,499,,,0,Европейский Стиль,692,False,https://prom.ua/ua/p750950106-antihrap-desnoran-sprej.html
антихрап,1573,365910755,АнтиХРАП акупунктурна кліпса для носа проти хропіння,99,49,3.7,3,Lots24.com.ua,19013,True,https://prom.ua/ua/p365910755-antihrap-akupunkturnaya-klipsa.html
антихрап,1573,3128213616,"Пов'язка Антихрап Фіксація щелепи для сну, лікування хропіння і меносту Регульована і Універсальна",945,575,5,1,Homefix,710,True,https://prom.ua/ua/p3128213616-povyazka-antihrap-fiksatsiya.html
антихрап,1573,2352241444,Антихрап липкий пластир від храпа на ніс 5 шт W9402,100,69,,0,Shark Mall UA,120,True,https://prom.ua/ua/p2352241444-antihrap-lipkij-plastyr.html
